,AUC_Test,F1_Test,Accuracy_Test,Tuning_Time_sec
Keras,0.8434420935699708,0.5829596412556054,0.8019872249822569,327.7673885822296
