,AUC_Test,F1_Test,Accuracy_Test,Tuning_Time_sec
PyTorch,0.8396264434627607,0.5942028985507246,0.801277501774308,112.49815487861633
